<?xml version="1.0" encoding="utf-8"?>
<Search><pages Count="4"><page Index="1"><![CDATA[]]></page><page Index="2"><![CDATA[YOUR








                   NEW








               SMILE








         STARTS








                 HERE]]></page><page Index="3"><![CDATA[D E N T A L   S E R V I C E S



                                                               General Dentistry

                                                               Oral Wellness & Beauty

                                                               Oral  Health for Children


                                                               Dental implants

                                                               Teeth Whitening

                                                               Orthodontist/ Braces

                                                               Cosmetic Dentistry

                                                               Dental X-Ray

                                                               Maxillofacial

                                                               Advanced Root Canal Treatment




                                                             M E D I C A L   S E R V I C E S




                                                               ENT

                                                               Dermatology

                                                               Clinical Psychology

                                                               Nutrition Therapy

                                                               Comprehensive Lab. Investigation

                                                               Comprehensive  Pre-employment/

                                                               Annual/Routine Medical Exam

                                                               Pediatrics

                                                               Ultra Scan


                                                               Antenatal & Postnatal Services

                                                               Occupation Health Services

                                                               Well man & Well woman Screening

                                                               Tetanus Vaccination

                                                               Hepatitis A & B Vaccination

                                                               Cervical Cancer Screening




                                                                233(0) 202336061
                                                                lifehealthcareaccramall@gmail.com]]></page><page Index="4"><![CDATA[]]></page></pages></Search>
