﻿<?xml version="1.0" encoding="utf-8"?><Search><pages Count="27"><page Index="1"><![CDATA[QUEEN OF DESERT 2019





                                        SECRET










                                                         BY



                                     MARGOT]]></page><page Index="2"><![CDATA[VERONIKA

         \1
                                                                                                        NINA]]></page><page Index="3"><![CDATA[VERONIKA

                                                                                                             \2
 NINA                                                                                                    NINA]]></page><page Index="4"><![CDATA[VERONIKA

         \3
                                                                                                         NINA]]></page><page Index="5"><![CDATA[OLIANNNA
                                                                                                    VERONIKA
                                                                                                             \4\4
 NINA                                                                                         EMANUELLE]]></page><page Index="6"><![CDATA[OLIANNNA

         \5
                                                                                               EMANUELLE]]></page><page Index="7"><![CDATA[OLIANNNA

                                                                                                             \6
 EMANUELLE                                                                                    EMANUELLE]]></page><page Index="8"><![CDATA[ROSELLA

         \7
                                                                                                  ISABELLE]]></page><page Index="9"><![CDATA[ROSELLA

                                                                                                             \8
 ISABELLE                                                                                         ISABELLE]]></page><page Index="10"><![CDATA[SAKORYA

         \9
                                                                                                   ISABELLE]]></page><page Index="11"><![CDATA[SAKORYA, OLIVIA

                                                                                                            \10
 ISABELLE                                                                                        ISABELLE]]></page><page Index="12"><![CDATA[OLIVIA

         \11
                                                                                                      MARIA]]></page><page Index="13"><![CDATA[OLIVIA

                                                                                                            \12
 MARIA                                                                                                  RIKA]]></page><page Index="14"><![CDATA[OLIVIA

         \13
                                                                                                        RIKA]]></page><page Index="15"><![CDATA[OLIVIA

                                                                                                            \14
 RIKA                                                                                                   RIKA]]></page><page Index="16"><![CDATA[RENEE

         \15
                                                                                                        RIKA]]></page><page Index="17"><![CDATA[RENEE


 RIKA                                                                                                       \16
                                                                                                         RIKA]]></page><page Index="18"><![CDATA[RENEE

         \17
                                                                                                  REBECCA]]></page><page Index="19"><![CDATA[RENEE

                                                                                                            \18
 REBECCA                                                                                           REBECCA]]></page><page Index="20"><![CDATA[RENEE, VIKTORIA

         \19
                                                                                                  REBECCA]]></page><page Index="21"><![CDATA[RENEE
                                                                                              RENEE, VIKTORIA
                                                                                                            \24
                                                                                                            \20
 REBECCA                                                                                         CECELIN]]></page><page Index="22"><![CDATA[VIKTORIA

         \21
                                                                                                   CECELIN]]></page><page Index="23"><![CDATA[VIKTORIA

                                                                                                            \22
 CECELIN                                                                                           CECELIN]]></page><page Index="24"><![CDATA[VIKTORIA

         \23
                                                                                                     CLARA]]></page><page Index="25"><![CDATA[VIKTORIA

                                                                                                            \24
 CLARA                                                                                               CLARA]]></page><page Index="26"><![CDATA[PETRA

         \25
                                                                                                         CLARA]]></page><page Index="27"><![CDATA[PETRA

                                                                                                            \26
 CLARA                                                                                               CLARA]]></page></pages></Search>